customer_type	email	phone	street	city	state	postal	biz_tax_id	biz_name	biz_contact_first	biz_contact_last	biz_contact_title	driver_lic	person_first	person_last
Person	jhixenbaugh@xx-holding.com	2952597625	6263 11-street	Greensboro	NJ	94210						C8583214663	Gladys	Ennaco
Person	leroman@scotfind.com	7457629864	4 5-street	Fresno	CA	56357						C3902566508	Rolland	Lother
Person	hmiro@zoomit.com	5452092393	7813 20-street	Plano	NV	23043						A0262371356	Taryn	Emigh
Person	fvarriano@groovestreet.com	1660641039	9142 20-street	Seattle	WA	70620						A7682641151	Alpha	Walthall
Person	ljeanty@silis.com	0618026256	9537 11-street	Tampa	HI	45207						A0673790301	Gail	Bitsuie
Business	mwesterbeck@zoomit.com	0429265150	816 3-street	Kansas City	AZ	52081	94-6713384	Y-corporation	Blondell	Silvestrini	Executive Manager R9			
Person	lamyot@hatfan.com	8153163701	6779 18-street	Milwaukee	NM	96519						A0615216027	Van	Mai
Person	rlace@dalttechnology.com	6246794115	6440 7-street	Virginia Beach	GA	51088						B1456216849	Tonette	Bayless
Person	kmalvin@y-corporation.com	9488520413	6449 12-street	Henderson	NE	62053						A0184779785	Stephaine	Konopacki
Person	mnunlee@goodsilron.com	0732368848	2798 1-street	Oklahoma City	KY	92248						B0794790966	Cecil	Hamilton
Person	edhamer@labdrill.com	9414370820	2615 12-street	Scottsdale	NV	29115						C4777906028	Tamar	Mai
Person	jsweely@zencorporation.com	6866280646	3253 9-street	Gilbert	LA	66490						D8191703970	Lucina	Corrington
Person	cstockham@ontomedia.com	9773209343	3248 13-street	Cincinnati	MN	81587						D6327656680	Mitsue	Adkin
Person	lspickerman@warephase.com	1286731065	9665 4-street	Greensboro	NJ	82332						C4236470136	Moon	Kannady
Business	akeneipp@doncon.com	6213841839	3358 12-street	Garland	FL	37156	97-5522995	Donquadtech	Lonna	Malet	Fellow R8			
Person	carceo@betatech.com	1144874066	8244 10-street	Plano	NV	12130						A5896813739	Carin	Bartolet
Person	qmaclead@xx-zobam.com	1268667628	8630 9-street	Boise City	VA	30701						C8766275993	Mitsue	Harabedian
Person	rbergesen@konex.com	0456125482	9044 4-street	Austin	TX	83302						D1415748069	Carmelina	Pontoriero
Business	rsteier@year-job.com	2448223307	4586 2-street	Pittsburgh	AK	64306	20-2164350	Dalttechnology	Willard	Jayson	Senior Manager L5			
Person	slabreche@donware.com	3801976959	2824 16-street	Wichita	TX	91491						C6252173359	Micaela	Wiklund
Person		2183462945	3373 4-street	Chandler	TX	87881						C7780413175	Helaine	Rim
Person	nshin@doncon.com	8354131959	7998 8-street	Nashville-Davidson	MD	67808						D3479521146	Garry	Parlato
Person	klipkin@dambase.com	2250204716	6565 17-street	Cleveland	KS	73194						B7194397683	Rodolfo	Diestel
Person	vscriven@scotfind.com	2231396691	6226 20-street	Detroit	MI	86418						C3225068735	Lai	Montezuma
Person	atromblay@golddex.com	0377627548	3943 14-street	Newark	TX	45709						C4299342425	Lai	Ferrario
Person	fgwalthney@rantouch.com	4699225139	8465 16-street	Long Beach	MO	80577						A5517572915	Carmela	Duenas
Person	lwalthall@zotware.com	1090850197	1454 2-street	Albuquerque	AZ	77662						C7549511819	Sharee	Poquette
Business	jloader@konex.com	1385393650	287 14-street	Atlanta	CO	00594	46-6607006	Streethex	Rickie	Funnell	Director R5			
Person	akiel@mathtouch.com	1695370409	7251 19-street	Indianapolis	IN	56716						B9946174152	Leota	Acuff
Person	behmann@sunnamplex.com	6132850745	857 18-street	Riverside	TX	36018						A0310274381	Stephaine	Reitler
Person	lhoffis@labdrill.com	8407899085	3042 6-street	Reno	VA	67603						B2440929697	Lizbeth	Craghead
Person	qglick@treequote.com	6875935334	2318 1-street	Columbus	OH	43322						D4831519171	Leslie	Kines
Business	mcampain@kan-code.com	8342833432	3074 4-street	Nashville-Davidson	MD	98298	72-7273493	Lexiqvolax	Eden	Cryer	Associate Director R1			
Person	iauffrey@zathunicon.com	1962350101	6333 8-street	Cincinnati	MN	19424						D5508697748	Aja	Butzen
Person	lharoldson@dambase.com	5516394079	2452 7-street	Cincinnati	MN	71867						D9669540937	Sabra	Keener
Business	rjuhas@mathtouch.com	7806684354	5088 21-street	Jacksonville	FL	53411	43-3403883	Sunnamplex	Skye	Hudnall	SalesRep L5			
Business	vschoeneck@konex.com	1894843505	7525 13-street	Chandler	TX	40411	85-5840713	Groovestreet	Margart	Kardas	Scientist M5			
Person	bcampain@year-job.com	7610432216	8594 10-street	Louisville/Jefferson County	OR	40210						C9346888737	Franklyn	Wiklund
Person	bharabedian@lexiqvolax.com	5302088589	5681 15-street	Scottsdale	NV	11475						C2317543508	Bobbye	Galam
Business		1442090615	3844 8-street	Riverside	TX	11958	18-3775909	Sonron	Ceola	Tollner	Manager M3			
Person	hmconnell@opentech.com	0702183069	1625 4-street	Pittsburgh	AK	96388						B1852208630	Lashawnda	Feichtner
Person	rsturiale@sonron.com	9241624473	4418 19-street	Miami	CA	07124						C8969012326	Rodolfo	Butzen
Person	msayaphon@rantouch.com	0466613052	7147 1-street	Aurora	CA	27651						B6847040699	Nan	Lace
Person	bbartolet@donquadtech.com	0486179706	359 2-street	Anaheim	CA	06291						A9416682035	Rebecka	Juhas
Person	cshadrick@yearin.com	7961690087	6261 8-street	Seattle	WA	68418						A5090337834	Nan	Restrepo
Person	lpolidori@newex.com	0199152902	2340 3-street	Durham	WI	40289						A0936623718	Roosevelt	Tagala
Person	mtromblay@betasoloin.com	1922818949	7781 13-street	Mesa	VA	78747						A3710653626	Thaddeus	Fritz
Person	jweight@plexzap.com	8978227826	6465 6-street	Raleigh	FL	20214						C0673239779	Yuki	Ryser
Person	abergesen@sonron.com	1815377367	4326 10-street	Glendale	TX	78589						A5530386031	Becky	Mallett
Person	slawler@sonron.com	1180643423	3489 9-street	Phoenix	AZ	81794						B5196684007	Sharika	Mauson
Person	ecorrio@zencorporation.com	0865103920	1448 20-street	Santa Ana	MO	73306						C1217659257	Trinidad	Labreche
Person	scrupi@ontomedia.com	1858613754	5813 17-street	Albuquerque	AZ	28736						C4987856002	Flo	Acuff
Person	marceo@hatfan.com	6522538581	9990 17-street	Irving	AZ	76250						C3289101401	Irma	Deleo
Person	mfunnell@konmatfix.com	3839780003	5909 8-street	Fresno	CA	10432						C4363694061	Edna	Miceli
Person	jmaclead@codehow.com	5462406127	9216 14-street	Jacksonville	FL	59104						B7131079555	Annmarie	Haroldson
Person	lmulqueen@donquadtech.com	1153394663	1847 12-street	Washington	MA	34383						A5269443254	Lenna	Darakjy
Person	lbiddy@rantouch.com	6977663248	7356 14-street	San Jose	CA	99759						C0266219877	Rolland	Arias
Person	ablunk@lexiqvolax.com	6625666422	3571 8-street	Santa Ana	MO	05864						A5415348781	Viva	Loader
Person	btomblin@ron-tech.com	9703539396	9861 2-street	Nashville-Davidson	MD	11721						A1981245672	Cristal	Louissant
Person	llouissant@sumace.com	1186736394	8566 3-street	Kansas City	AZ	20102						D5598201847	Geoffrey	Tawil
Business	aharnos@newex.com	5108865591	3229 12-street	Detroit	MI	00132	06-8876566	Xx-zobam	Chau	Ragel	Manager R6			
Person	rmauson@zotware.com	1945723781	6972 21-street	Louisville/Jefferson County	OR	91765						B0867624567	Fletcher	Vinning
Person	lmenter@domzoom.com	6877989061	5598 10-street	Toledo	NC	07483						A8298794557	Alaine	Mallett
Person	smaillard@kinnamplus.com	8586279036	5185 5-street	Chandler	TX	69070						B1731449781	Bulah	Weight
Person		3298074765	332 17-street	Phoenix	AZ	27501						A1309865728	Ryan	Feichtner
Business	sthreets@konmatfix.com	0391486606	5321 11-street	Jersey City	CA	43926	87-8575736	Plusstrip	Sylvia	Sahagun	SalesRep R2			
Person	mstoltzman@dambase.com	1161409373	3838 20-street	Los Angeles	CA	89056						C6109199686	Lorean	Daufeldt
Person	lgreenbush@green-plus.com	3626595706	1218 15-street	Glendale	TX	87980						A7586405617	Theola	Bruschke
Person	fknipp@kinnamplus.com	9145346288	6040 7-street	Riverside	TX	69644						C3378134863	Wynell	Bookamer
Person	lgood@konex.com	5428643409	1020 9-street	Lincoln	NY	83625						C5341904042	Bernardine	Estell
Person	rscriven@xx-holding.com	1192412616	2570 10-street	Louisville/Jefferson County	OR	34860						B4608992876	Iluminada	Francescon
Person	qsergi@faxquote.com	2561092135	6080 2-street	Laredo	VA	01528						A6689897244	Lettie	Perruzza
Business		6334107866	8233 7-street	El Paso	TX	51945	82-8184602	Newex	Yvonne	Gochal	Manager R2			
Person	epalaia@labdrill.com	1340832331	2407 17-street	Madison	TX	57664						A2135848728	Avery	Reitler
Person	ryori@konex.com	6597031398	8385 15-street	Scottsdale	NV	97285						C2838238369	Skye	Rodenberger
Person	cpedrozo@isdom.com	8353310800	851 10-street	Albuquerque	AZ	68443						A9149940556	Cathrine	Tawil
Business	cflosi@golddex.com	9462231438	8190 8-street	Irvine	NC	17943	68-4606539	Treequote	Delmy	Sweely	Scientist R5			
Person	spatak@kinnamplus.com	1424595432	7241 2-street	North Las Vegas	CA	80181						D0665878931	Nan	Butzen
Person	cgibes@rangreen.com	9305091236	7813 17-street	Detroit	MI	93918						B0838220816	Leota	Bourbon
Business	clary@cancity.com	2142886925	6816 9-street	Baltimore	OK	83973	07-2036529	Funholding	Levi	Gellinger	Fellow M2			
Person		0916869287	4515 2-street	Winston-Salem	AZ	06066						D6889152867	Kanisha	Flister
Business		6640565822	8644 8-street	Boston	TN	81079	96-6692589	Iselectrics	Danica	Skulski	SalesRep M2			
Person	svanausdal@donquadtech.com	9304344770	1650 15-street	Henderson	NE	95208						C1967459004	Mona	Reitler
Person	cyaw@donware.com	1833691250	6765 14-street	Austin	TX	95597						A1663169974	Gilma	Poullion
Person	abiddy@scottech.com	5295956267	971 13-street	Chesapeake	AZ	99403						A9525842110	Bernardine	Hochard
Person	gdallen@goodsilron.com	2893491737	329 14-street	Seattle	WA	38898						C0222944298	Cristy	Corrington
Business	tflister@betasoloin.com	3764051258	6309 8-street	Memphis	TN	54129	31-3545908	Opentech	Fabiola	Toyama	Senior Manager R7			
Person	avonasek@domzoom.com	5974625448	6166 20-street	Aurora	CA	18677						D3731035683	Luisa	Drymon
Person	lhalter@ron-tech.com	7679091004	6915 2-street	Tampa	HI	09762						C5399342731	Cherry	Bourbon
Person	cnachor@finhigh.com	2584517744	523 8-street	New Orleans	CA	00576						B6710742108	Kimberlie	Skulski
Person	bskulski@opentech.com	3808291053	2127 6-street	Hialeah	NV	22042						C7183960183	Amie	Pelkowski
Person	csarao@gogozoom.com	5337539456	210 5-street	Chandler	TX	73540						B4419028056	Ma	Caiafa
Person	hgabisi@dambase.com	8697320215	6758 16-street	Wichita	TX	85885						D5713874463	Jina	Kitty
Business	lscriven@xx-zobam.com	1547387581	4719 12-street	Bakersfield	FL	24603	59-9733673	Zencorporation	Raul	Sarbacher	Senior Scientist M1			
Person	erhymes@finjob.com	3788513921	2140 6-street	St. Petersburg	AZ	60868						A4599693068	Raymon	Monterrubio
Person	ccallaro@donquadtech.com	5630558686	9966 11-street	Chula Vista	IN	78585						C3839849069	Melodie	Tollner
Person	spalaia@stanredtax.com	7621638492	2380 16-street	Oklahoma City	KY	88771						B3290593615	Nu	Perigo
Business	smontezuma@sonron.com	0848513693	2629 21-street	Jersey City	CA	94996	29-6662491	Scottech	Marti	Mccullan	Director M1			
Person	bdallen@isdom.com	6139626394	2955 11-street	Virginia Beach	GA	99728						C3612640531	Herman	Waycott
Person	dstuer@donware.com	2349028878	4606 10-street	Nashville-Davidson	MD	77960						D9676746157	Lashandra	Buzick
Business	amiro@scottech.com	5900619971	3387 1-street	Chandler	TX	05028	50-0389893	Konex	Fletcher	Lipke	Associate Fellow M8			
Person	slacovara@statholdings.com	5258372667	9701 4-street	Sacramento	CA	86941						B9892813591	Izetta	Shields
Business	dcorbley@dontechi.com	9760595092	4577 2-street	Albuquerque	AZ	97479	48-6768847	Hottechi	Amber	Hughey	Fellow M7			
Person	tfoller@codehow.com	4287858845	4864 5-street	Kansas City	AZ	33258						B6082349948	Ceola	Sawchuk
Person	dchui@ganjaflex.com	3349957393	6922 3-street	Charlotte	NC	30565						B6334165149	Jovita	Sayaphon
Person	aonofrio@finhigh.com	6724009066	2994 14-street	San Francisco	CA	46157						A9361688715	Mozell	Angalich
Person	cmirafuentes@konmatfix.com	4697890951	648 16-street	San Antonio	TX	70558						D2498998888	Melodie	Paulas
Person	gkohl@ron-tech.com	0225659944	2748 15-street	Atlanta	CO	62904						B6923660033	Nu	Theodorov
Person	jklusman@xx-zobam.com	6799556341	8162 19-street	Oklahoma City	KY	08209						D4519725290	Lucina	Ostolaza
Person	mvocelka@ron-tech.com	5207437483	5546 6-street	Houston	TX	23924						B5346544142	Eun	Smith
Business	lplumer@year-job.com	3404435431	4018 12-street	Norfolk	NC	72164	84-6387554	Rundofase	Willow	Tawil	Senior Director L5			
Person	gsengbusch@doncon.com	8565923131	2691 12-street	Richmond	CA	98233						C8271029908	Veronika	Dilliard
Person	etawil@plexzap.com	2154011795	3643 9-street	Anaheim	CA	10393						B1961357406	Art	Devreese
Person	cpaskin@nam-zim.com	6561738907	8321 18-street	Chandler	TX	83560						D0473669739	Laurel	Jurney
Person	dweirather@iselectrics.com	9456243552	4487 1-street	Newark	TX	01298						D7912550520	Erick	Hoogland
Person	lsyrop@j-texon.com	5326760716	5327 7-street	Phoenix	AZ	30814						B8859030244	Estrella	Calvaresi
Person	mpatak@j-texon.com	2812754411	1356 1-street	Anchorage	CA	78858						B4925230252	Youlanda	Karpin
Person	lspickerman@xx-zobam.com	1575733870	3617 12-street	Columbus	OH	68079						A0461291890	Joni	Acuff
Business	dwiklund@rantouch.com	0119161628	5840 7-street	Dallas	TX	05460	83-3496482	Plussunin	Mattie	Kaniecki	Fellow R2			
Person	smcdoniel@kan-code.com	9417420903	2429 14-street	Boise City	VA	20778						A7800747478	Kate	Nunlee
Person	ecorrio@green-plus.com	9423735498	1078 3-street	El Paso	TX	50266						B6010570650	Salome	Harnos
Person	dcolaizzo@faxquote.com	8177264055	6826 18-street	Long Beach	MO	63895						B1715775889	Zona	Discipio
Person	hgesick@inity.com	9181127811	2943 19-street	Garland	FL	67153						C4774668646	Lonny	Patak
Person	lwildfong@ganjaflex.com	3480698729	7511 16-street	Las Vegas	WI	09252						D6100357446	Helga	Leto
Person	mtollner@green-plus.com	4858534746	265 5-street	Sacramento	CA	50008						C8307257184	Ettie	Brachle
Person	dfishburne@goodsilron.com	5815008357	6555 6-street	Fremont	ID	29564						A1518047114	Joni	Seewald
Person	jmonarrez@zoomit.com	4579186110	1284 11-street	Detroit	MI	25947						B9346967347	Dominque	Karpin
Person	mrulapaugh@condax.com	0326553009	7114 11-street	San Francisco	CA	38506						D0760894831	Tyra	Herritt
Person	nangalich@xx-holding.com	6192934321	6100 6-street	Raleigh	FL	10628						A2836727024	Lashaunda	Paskin
Business	jbuvens@openlane.com	2638845007	6697 7-street	Durham	WI	55959	17-3450014	Dalttechnology	Lawrence	Steier	Associate Director M2			
Person	llueckenbach@condax.com	6209568005	8676 11-street	Denver	CO	70435						A7410218307	Detra	Palaia
Person	hfigeroa@bioholding.com	1278664355	533 9-street	Cincinnati	MN	78389						A1440687124	Erick	Kardas
Person		4218938014	5513 3-street	Baton Rouge	TX	69366						D1357716930	Virgina	Oldroyd
Business		5607353093	2069 3-street	Fort Worth	TX	85130	35-9898298	Yearin	Daniela	Blackwood	Scientist R3			
Business	rpalaspas@plussunin.com	7466598499	4880 6-street	Virginia Beach	GA	73720	94-7914925	Fasehatice	Allene	Denooyer	Executive Manager R8			
Person	psuell@xx-holding.com	9290710024	7975 7-street	Louisville/Jefferson County	OR	27758						A3570377285	Abel	Uyetake
Person	awiklund@toughzap.com	1857291621	1970 3-street	Los Angeles	CA	81816						D8819452846	Bulah	Boulter
Person	pfillingim@ganjaflex.com	4735874159	3052 8-street	Baton Rouge	TX	24299						D7602785929	Aja	Juvera
Business	lbiddy@doncon.com	8807995442	249 12-street	Anchorage	CA	97646	33-2934805	Condax	Jovita	Kolmetz	Senior Scientist M6			
Person	bdiscipio@sonron.com	5363330488	3688 8-street	St. Louis	CA	08220						B9782424828	Chaya	Rochin
Person	sagramonte@bioholding.com	8565341402	6941 10-street	Norfolk	NC	43730						A2580734753	Pamella	Klusman
Business	cwaymire@bioholding.com	7178971215	1469 9-street	Tampa	HI	58840	64-7492958	Treequote	Weldon	Hamilton	Manager R6			
Person	piturbide@rangreen.com	1122640314	452 11-street	Chesapeake	AZ	63275						B3918027523	Lorrie	Briddick
Person	tasar@hottechi.com	8425551940	808 4-street	Sacramento	CA	25310						B2598969914	Clay	Yori
Person	ylimmel@singletechno.com	1855539320	8270 3-street	Glendale	TX	52581						D2600960022	Lilli	Buvens
Business	mvanheusen@betatech.com	0752224067	774 9-street	Charlotte	NC	33005	92-9016618	Openlane	Fannie	Angalich	Director R2			
Business	rshealy@zotware.com	4812049826	4815 2-street	Las Vegas	WI	45686	46-7746081	Golddex	Gayla	Klonowski	Senior Scientist M7			
Person	slary@dalttechnology.com	4151614989	6775 1-street	Anchorage	CA	28978						B8786618373	Cammy	Kulzer
Person	wblackwood@donware.com	4106787859	5363 11-street	Anaheim	CA	93869						D5269489570	Adell	Dewar
Business	vlukasik@groovestreet.com	1681270085	4562 6-street	Portland	NV	60719	72-6876442	Condax	Malcolm	Meisel	Senior Director M8			
Business		2249310659	9567 7-street	New York	NY	86956	81-7754883	Toughzap	Alishia	Hiatt	Manager M3			
Person	dzagen@donware.com	1173651664	4442 11-street	Riverside	TX	96878						A3383028473	Benedict	Maile
Person	rfigeroa@dambase.com	8740599520	2170 13-street	Raleigh	FL	82803						A4532111602	Krissy	Asar
Person	sennaco@donware.com	4338685121	4713 8-street	San Jose	CA	54065						A0135356446	Marti	Sarbacher
Person	ydenooyer@hottechi.com	4780845956	5674 15-street	Irving	AZ	84229						A9302873941	Helene	Tollner
Person	bperruzza@dambase.com	2802965981	3723 8-street	Chandler	TX	99594						A4688720947	Elvera	Kiel
Business	ekarpel@fasehatice.com	3982767982	4538 11-street	New York	NY	67769	62-4702974	Rundofase	Chaya	Wolfgramm	Senior Director R3			
Person	gherritt@kinnamplus.com	1663206433	6084 21-street	Oklahoma City	KY	84479						C5211782393	Arthur	Colla
Person	skonopacki@kan-code.com	4117001917	1105 17-street	Stockton	OH	34026						C6220644674	Shenika	Dorshorst
Person	fcartan@hatfan.com	3577974876	925 5-street	Chicago	IL	41937						C2423333296	Melodie	Morocco
Person	ajeanty@inity.com	5251353255	1166 6-street	San Antonio	TX	48258						B2638494209	Nickolas	Manno
Person	moles@rantouch.com	6638700004	9431 5-street	Lubbock	CA	19397						A3910339352	Dierdre	Stimmel
Person	gmaillard@rangreen.com	1467865334	1676 3-street	Milwaukee	NM	56460						C0844073746	Jenelle	Brideau
Person	msayaphon@gogozoom.com	0574418772	42 16-street	Mesa	VA	72497						B8229530311	Leslie	Chui
Person	tabdallah@stanredtax.com	6962135593	7797 10-street	Tucson	CA	42250						D0233458616	Regenia	Fortino
Person	lhanafan@kinnamplus.com	0771910514	2706 15-street	St. Louis	CA	84193						A4604249337	Jerry	Butzen
Person	cdhamer@donquadtech.com	1176395163	4184 6-street	Nashville-Davidson	MD	46138						B6364451946	Viva	Hoffis
Person	ajulia@codehow.com	7840890296	7953 21-street	Fresno	CA	06358						C7548135047	Lashawnda	Mirafuentes
Person	cmccullan@zumgoity.com	1642986115	9963 13-street	St. Louis	CA	23085						A7994838891	Ruthann	Riden
Person	cflosi@kinnamplus.com	1227792338	7349 6-street	Irving	AZ	26660						B1653942479	Vi	Munis
Person	lscheyer@nam-zim.com	9657645181	2180 9-street	Fort Wayne	FL	95844						D4371833181	Carmen	Callaro
Person	cmartabano@openlane.com	1918490671	3167 7-street	San Diego	CA	12818						B5738835693	Eun	Ahle
Business	cboord@yearin.com	6217686131	8006 18-street	Albuquerque	AZ	15360	24-4045456	Dalttechnology	Louisa	Labreche	Senior Scientist R9			
Business	rgillaspie@bioholding.com	7607870807	9377 21-street	Louisville/Jefferson County	OR	67579	49-9516264	Kinnamplus	Kristeen	Blackwood	Associate Director M9			
Person	afortino@funholding.com	4806391667	3288 10-street	Fremont	ID	37586						C2776254573	Selma	Smith
Business	lhengel@blackzim.com	1158576713	2877 4-street	San Jose	CA	40803	50-9862780	Sumace	Eun	Mondella	Researcher L1			
Person	mpaa@warephase.com	7279194125	2010 15-street	Los Angeles	CA	87887						D6650795352	Gail	Tromblay
Person	gperin@silis.com	8717641687	7133 19-street	Norfolk	NC	83107						A6986218675	Stephen	Poullion
Person	mchui@statholdings.com	2191200911	2559 7-street	Albuquerque	AZ	08005						A9661106493	Iluminada	Leinenbach
Person		8766862073	2931 15-street	Philadelphia	PA	83998						C3914994260	Mattie	Malet
Person	yahle@streethex.com	9687932029	2734 8-street	Fresno	CA	60657						A4366803067	Rozella	Galam
Person		8452864290	4788 13-street	St. Louis	CA	29561						A7722007632	Cory	Gillaspie
Business	cnabours@iselectrics.com	1622683978	6325 8-street	Aurora	CA	85535	49-0400043	Bioholding	Francine	Devreese	Senior Manager R7			
Person	bpaulas@plussunin.com	6684801631	5981 6-street	Miami	CA	09747						B3463874026	Diane	Amyot
Business	dperruzza@rangreen.com	3329795636	1170 11-street	Tampa	HI	09581	51-0247747	Opentech	Margart	Juvera	Associate Director R4			
Person	ecronauer@groovestreet.com	2879694252	7673 4-street	Dallas	TX	76401						D8832785149	Angella	Buzick
Person	svanheusen@cancity.com	1240555259	4326 4-street	Omaha	NC	39011						B6301637672	Myra	Luczki
Person	moles@donquadtech.com	6974941499	6039 19-street	Atlanta	CO	42239						B1984877856	Tiffiny	Heintzman
Business	afrancescon@lexiqvolax.com	1122666043	3306 8-street	Fresno	CA	22531	05-7673774	Kinnamplus	Leonida	Buzick	Senior Director M8			
Person	gsarbacher@blackzim.com	6295451915	2024 15-street	Tulsa	OH	14994						A2319552942	Markus	Tjepkema
Person	mcallaro@bioholding.com	0243788652	2569 5-street	Madison	TX	48103						D9223276847	Fatima	Semidey
Person		5596193040	5977 11-street	Arlington	LA	44325						C7290231462	Rodolfo	Maybury
Person	jslayton@statholdings.com	1236534535	8462 15-street	Phoenix	AZ	12799						D5950814801	Moon	Suffield
Person		1838362574	7505 19-street	Chula Vista	IN	82493						A8645646644	Salena	Canlas
Person	rsaulter@dontechi.com	0716893246	3624 9-street	Baton Rouge	TX	46412						D8920288787	Barbra	Birkner
Person	imaisto@openlane.com	1156055216	5738 9-street	San Francisco	CA	12065						C5998099065	Marguerita	Delasancha
Person	dsaras@treequote.com	7588109962	7425 17-street	Los Angeles	CA	48263						B8644575091	Marguerita	Kitty
Person	criopelle@finjob.com	9573149559	5787 17-street	Columbus	OH	85733						D5227762827	Howard	Meisel
Person	mvillanueva@labdrill.com	3109017782	2955 10-street	Columbus	OH	67662						B3170194836	Latrice	Hanafan
Business		2853350704	8234 7-street	Houston	TX	87425	22-1607231	Openlane	Chanel	Maisto	SalesRep L1			
