VIN	model_name	year	description	manufacturer_name	condition	vehicle_type	odometer	fuel_type	colors	purchase_date	price	purchased_from_customer	purchase_clerk	sale_date	sold_to_customer	salesperson
036EG6XGHFJ822528	DB9	2014	automatic torque converter; 	Aston Martin	Good	Minivan	108519.0	Gas	Brown	2023-02-07	2964.53	B9782424828	user06	2023-06-28	D6650795352	user08
03KAPEOTGE8482192	BOYUE/BOYUE L	2016	check the Monroney sticker - theer is nothing better than this vehicle; automatic torque converter; fuel injection; 	Geeley	Fair	Van	31167.0	Diesel	Brown,Metallic	2023-08-28	2570.77	D5950814801	user04			
054CB5NHFMK652777	GS-6 PROS	2023	great engine; 	Karma	Excellent	Coupe	3558.0	Gas	Bronze	2023-06-23	10362.71	B1852208630	user16	2023-08-30	A9661106493	user08
05PN35GUCGU088819	TSX	2014	Automotive Service Excellence (ASE); 	Acura	Excellent	Minivan	77920.0	Gas	Pink	2023-05-29	1503.96	83-3496482	user06	2023-08-12	A3910339352	user03
06E4W168GDV777330	RAM 1500 TRUCK	2010	no redline; 	Dodge	Very Good	Convertible	177500.0	Gas	Red	2022-07-09	5950.47	D8819452846	user10	2023-03-27	D6889152867	user20
0A45MTRRJ3K877609	XV CROSSTREK	2015	original equipment manufacturer (OEM) parts; 	Subaru	Excellent	Convertible	125991.0	Gas	Green,Orange	2023-04-08	5190.25	C3902566508	user19	2023-08-09	D2498998888	user23
0JMXH7GQF1K570196	RAM 2500	2003	sturdy rear axle assembly; 	Dodge	Very Good	Coupe	110102.0	Gas	Yellow	2023-02-08	3441.51	C3612640531	user11	2023-07-09	49-9516264	user25
0O56VQ0TP1C342110	GS-6 PROS	2023	automatic valves; superturbocharger; 	Karma	Good	Minivan	2460.0	Gas	Bronze	2023-05-14	10724.59	D8819452846	user05	2023-07-16	B1456216849	user01
0RTZMNEP443530450	V8 VANTAGE	2014		Aston Martin	Excellent	Convertible	34830.0	Gas	Bronze	2022-10-31	2834.73	C5341904042	user06			
0SR7K3TGOVW149442	R1T TOMORROW	2023		Rivian	Fair	Van	144334.0	Gas	Green	2023-04-03	1286.18	C8766275993	user15	2023-04-13	29-6662491	owner
0XPRYKN4QTB854977	DB7	2003	front axle assembly; Automotive Service Excellence (ASE); 	Aston Martin	Excellent	Sedan	86721.0	Gas	Metallic	2023-03-30	1505.45	C0266219877	user11	2023-05-01	A7994838891	user23
13DN4WJV2HW654524	CAMRY	2013	coupe; 	Toyota	Excellent	Van	119068.0	Gas	Tan,Purple	2023-03-11	1011.49	72-6876442	user18			
15WH5TNL8GD986516	COOPER	2012	convertible; gap; 	MINI	Excellent	Truck	140355.0	Gas	Red	2023-03-15	1384.05	A4366803067	user04	2023-07-26	B6082349948	user23
1A8CMLRTUGR146952	HILUX	2011	great engine; 	Toyota	Fair	Minivan	4860.0	Plugin Hybrid	Beige	2023-02-17	4502.59	C4774668646	user15			
1C05IGNBBB6823554	EVORA	2011	electronic transmission; 	Lotus	Good	Coupe	106076.0	Gas	Silver	2023-04-02	2526.28	C7290231462	user09	2023-06-06	D7602785929	user23
1GIQVMBR2A2798107	CAYENNE	2004	ultra new transmission; oversteer; 	Porsche	Good	SUV	76792.0	Plugin Hybrid	Orange	2022-07-18	4281.06	B1852208630	user22	2022-12-20	A1981245672	user20
1HHB3PGRMMK153438	MP4-12C	2013		McLaren	Fair	Coupe	13260.0	Fuel Cell	Rose	2023-06-17	1262.57	B6923660033	user16			
1J538YW76YE281757	LX570	2011		Lexus	Fair	Van	2082.0	Gas	Red	2022-07-12	4514.43	B6364451946	user04	2023-05-23	87-8575736	user07
1JRH0ZBVOBE937509	CX-5	2014	no understeer; 	MAZDA	Very Good	Minivan	18580.0	Gas	Rust	2023-01-26	1189.26	59-9733673	user11	2023-07-17	B9782424828	owner
1M1GEHMECS1730055	S	2014	original equipment manufacturer (OEM) parts; four-wheel drive; 	Tesla	Very Good	Convertible	43950.0	Plugin Hybrid	Gray	2022-07-21	2815.81	C3378134863	user13	2023-06-18	35-9898298	user20
1MV1LD01B0D736628	B2300	2005	sturdy rear axle assembly; 	MAZDA	Fair	Sedan	207160.0	Gas	Copper,Gray	2022-12-29	1118.40	C3378134863	user09	2023-02-15	D4831519171	user07
1P2ISJXQKIW025651	ES8 NEW	2023	Automotive Service Excellence (ASE); check the Monroney sticker - theer is nothing better than this vehicle; 	Nio	Very Good	SUV	146172.0	Gas	Beige,Purple	2023-02-28	3611.00	D7602785929	user11	2023-03-02	D9669540937	owner
1RMG763RUOZ482821	ALLROAD QUATTRO	2013	manual transmission; 	Audi	Very Good	Truck	128265.0	Battery	Black	2023-04-26	4098.92	35-9898298	user15			
1U7J5TO2RMU974230	ESCALADE ESV	2008		Cadillac	Fair	Van	104570.0	Gas	Rust	2022-10-15	1159.61	07-2036529	user19			
1V61QHRD20E210923	BOYUE/BOYUE L	2016	no redline; no redline; 	Geeley	Excellent	Minivan	82042.0	Battery	Beige,Pink,White	2023-03-16	2570.77	B1731449781	user09			
23VKNWAH4WQ056833	BOXSTER	2006		Porsche	Fair	Convertible	10488.0	Gas	Red	2023-08-30	7257.96	D5508697748	user04	2023-08-31	B5196684007	user23
2BEGOJVB21D198188	V70	2005	small spark plug gap; 	Volvo	Fair	Minivan	41505.0	Plugin Hybrid	Metallic	2023-02-10	3423.52	C3914994260	user05			
2CB6WLH88NB344487	S	2014	automatic transmission; wide cam; safe oil ring; 	Tesla	Very Good	Sedan	160473.0	Gas	Blue,Orange,Tan	2023-04-13	2815.81	24-4045456	user09	2023-04-21	35-9898298	user07
2DHOH4P4672123749	XINGYUE L	2023	good piston; 	Geeley	Good	Sedan	160956.0	Battery	Claret,Tan,White	2023-01-04	4023.89	B0838220816	user16	2023-06-06	A0936623718	user14
2JUBCDLLXSB731848	CAYMAN	2011	high volume cylinder; 	Porsche	Excellent	Van	16382.0	Battery	Rose	2023-01-25	2723.58	B0838220816	user06	2023-08-27	B5738835693	user01
2LUXDFJTYZA796766	RAM 2500	2009	convertible; 	Dodge	Good	Minivan	11657.0	Gas	Tan	2023-01-26	3441.51	96-6692589	user19			
2MSC0A8PW8U686208	TAHOE	2003	wide chassis; 	Chevrolet	Excellent	SUV	48644.0	Plugin Hybrid	Purple,Copper	2022-11-01	3887.81	B6301637672	user16			
2N45QQ7SMY3757149	GRAND CHEROKEE	2012	detail; 	Jeep	Fair	Coupe	4506.0	Gas	Tan	2023-08-26	3076.00	D0233458616	user18	2023-08-27	A5896813739	owner
2Y1UCXYY50T192604	SAVANA 2500	2013	automatic torque converter; 	GMC	Good	Minivan	60965.0	Gas	Green,Purple,Rust	2022-08-11	5965.76	17-3450014	owner	2022-11-17	A5530386031	user21
2YHAF0V8512939431	ZDX	2010	active safety features; Automotive Service Excellence (ASE); 	Acura	Excellent	SUV	60084.0	Gas	Black	2022-07-08	5324.31	B1456216849	user22	2023-07-11	B7194397683	user25
2YTUEYSLDJG398062	FORTE KOUP	2012		Kia	Excellent	SUV	72720.0	Gas	Claret,Metallic	2023-02-12	1180.12	D6889152867	user04	2023-04-10	A3910339352	user08
30YUJXKGY7I314746	AVENTADOR	2013	original equipment manufacturer (OEM) parts; good piston; 	Lamborghini	Very Good	Truck	57066.0	Gas	Red	2023-03-06	2240.99	06-8876566	user04			
323F5QUAPKX190724	R1S NEW	2023	super new ignition system; 	Rivian	Fair	Sedan	123358.0	Battery	Red	2022-12-14	1487.55	C6109199686	user04	2023-05-22	B6010570650	user12
340C5KYKWVM715838	B4000	2003	great rpms; 	MAZDA	Very Good	Van	149043.0	Hybrid	Beige,White	2022-10-28	4086.58	50-9862780	user13	2022-12-26	B2638494209	user01
3464CBUBJ3G311266	575 M MARANELLO	2005	no backfire/backfiring; 	Ferrari	Excellent	Coupe	17392.0	Plugin Hybrid	White	2022-08-01	2822.02	B3290593615	user06	2023-03-17	B8786618373	user23
3EAZYH5SPE8904041	A4 QUATTRO	2002	gap; 	Audi	Very Good	Sedan	30354.0	Plugin Hybrid	Rose	2022-07-12	5343.71	C7183960183	user05	2023-01-24	B6364451946	user25
3NED8CVSG6V494138	XFR	2014	broad wheelbase; modern dashboard; 	Jaguar	Fair	SUV	13134.0	Gas	Copper	2023-02-14	3706.14	B8786618373	owner	2023-03-29	20-2164350	user01
3P0R7483FP1117876	ATTITUDE	2009	minivan; 	Dodge	Very Good	SUV	149700.0	Gas	Red,Metallic	2022-08-27	4238.92	B5346544142	user04			
4BSRNVZZ2CQ691731	TOWN & COUNTRY	2012	convertible; 	Chrysler	Good	Minivan	89038.0	Gas	Gold	2022-07-19	1858.77	35-9898298	user15	2023-06-06	A3910339352	owner
4BW4C1KL6TZ577336	RS4	2007	original equipment manufacturer (OEM) parts; 	Audi	Fair	Convertible	3900.0	Diesel	Orange	2023-08-03	3218.80	17-3450014	user19	2023-08-20	A0461291890	user01
4HVC60L66KI459720	B3000	2003	high quality carburetor; no backfire/backfiring; 	MAZDA	Excellent	Truck	22666.0	Gas	Maroon	2023-03-02	2668.19	C8583214663	user06	2023-04-17	B5346544142	user08
4QL2U7A4H4J019100	EXPLORER	2007	high differential; 	Ford	Good	SUV	27724.0	Gas	Rose	2023-06-15	3462.65	D4371833181	user05			
4RJT1NOLXUG037441	CONTINENTAL	2015		Bentley	Good	SUV	111896.0	Gas	Aluminum	2023-07-31	1220.94	B6923660033	user05	2023-08-26	D0233458616	user12
4TJ5T18OMFN710800	4RUNNER	2010	strong muffler; 	Toyota	Very Good	Truck	11395.0	Battery	Black	2023-01-14	2670.24	A3383028473	user05	2023-02-19	81-7754883	user21
55M41D1AGKW204016	VOYAGER	2004	front axle assembly; 	Chrysler	Fair	Van	96380.0	Gas	Copper	2023-06-23	4123.82	B9892813591	user19	2023-08-12	A4599693068	user21
5DAWXIM4EAK735462	RAM 1500 TRUCK	2010	superturbocharger; 	Dodge	Very Good	Coupe	8190.0	Gas	Green	2023-04-23	7509.50	B5346544142	user11	2023-08-03	C3612640531	user12
5IZQ0A8JNL8536828	GENESIS	2010	high block; no understeer; wide chassis; 	Hyundai	Excellent	SUV	194926.0	Gas	Gray	2023-03-09	2156.31	84-6387554	user16			
5JVO4MGJYXC563627	LANCER	2003	sport utility vehicle-SUV; high differential; 	Mitsubishi	Fair	SUV	214962.0	Gas	Orange	2023-08-21	3332.56	46-7746081	user09			
5L5RPVESTIA976918	G37	2008	strong muffler; safe oil ring; 	INFINITI	Good	Minivan	151964.0	Plugin Hybrid	Green	2023-08-20	1014.91	B1456216849	user22			
5MS17EW23YR611242	COMMANDER	2010	wide chassis; 	Jeep	Fair	Minivan	167565.0	Gas	Navy	2022-08-28	1769.90	C0673239779	user19	2022-11-26	A1518047114	user23
5NFMDSJIMMB492412	TOWN CAR	2005	check the Monroney sticker - theer is nothing better than this vehicle; 	Lincoln	Fair	Coupe	99042.0	Diesel	Red	2023-04-23	4026.11	A0461291890	user04			
5T3XYBUNB63008211	TRX350FE FOURTRAX RANCHER 4X4 ES	2005	detail; 	Honda	Excellent	Sedan	84530.0	Gas	Orange	2023-06-16	7061.50	B3463874026	user13	2023-07-26	A9525842110	user01
5WKWALJ4EQU001163	COOPER COUNTRYMAN	2015		MINI	Good	SUV	64266.0	Natural Gas	Claret	2023-05-19	1470.45	A9302873941	user11	2023-06-06	C3914994260	user25
63OUTYEBN7D928507	TOWN CAR	2011	manual transmission; 	Lincoln	Fair	Convertible	99484.0	Gas	Cream	2023-04-12	4026.11	C2776254573	user09			
65ISMOWUBDU569125	CTS	2007	superturbocharger; 	Cadillac	Fair	Van	84921.0	Diesel	Bronze	2022-08-08	3394.76	D5713874463	user04	2022-12-28	20-2164350	user21
67BQ74RV204502543	GALLARDO	2006	high volume cylinder; pickup; 	Lamborghini	Fair	Minivan	40632.0	Gas	Pink	2023-01-26	3551.46	C0844073746	user22	2023-03-12	D4831519171	user12
6AZQDNCM3G6215989	DISCOVERY	2015	crankcase; rear wheel drive; 	Land Rover	Fair	Minivan	161200.0	Gas	Claret	2023-04-14	1736.94	43-3403883	user11			
6LYU65SHD4H127612	CAYMAN	2015		Porsche	Fair	SUV	23928.0	Gas	Red,Rose	2023-02-06	2723.58	B0867624567	user10			
6N5JA7X7LX2749307	EXPEDITION	2011	small spark plug gap; active safety features; 	Ford	Good	Minivan	139500.0	Hybrid	Rust	2023-04-18	1530.69	B8644575091	user06	2023-07-12	B6847040699	user20
6WRD8C6784B120048	EMGRAND S	2019	high volume cylinder; 	Geeley	Good	Minivan	11497.0	Gas	Cream	2022-07-08	2016.09	C3378134863	user10	2022-08-14	50-0389893	user23
6ZG2Z4HYIKW532605	FORTWO	2010	high quality carburetor; 	smart	Fair	Convertible	126495.0	Hybrid	Gold	2022-08-17	4646.30	A7586405617	owner	2022-10-15	62-4702974	user03
72OI8SLM4HN113041	MP4-12C	2014	coupe; unibody construction; 	McLaren	Excellent	Coupe	58070.0	Plugin Hybrid	Navy	2022-10-19	1262.57	A7410218307	owner			
72SCGHC1RB4779672	QUATTROPORTE	2012	original equipment manufacturer (OEM) parts; 	Maserati	Fair	Convertible	129735.0	Gas	Brown	2022-11-18	1794.24	C4774668646	user10			
73HIEJVMY26464395	JETTA	2008	rack and pinion steering; 	Volkswagen	Good	Van	6216.0	Gas	Maroon,Turquoise,Yellow	2023-02-25	5059.91	33-2934805	user11	2023-06-14	85-5840713	user23
7ZGFTG3CJWB276675	EV	2023	four-wheel drive; 	XPeng	Good	Coupe	52210.0	Plugin Hybrid	Metallic	2023-03-27	4630.84	68-4606539	user13			
8CR4YKPMHVR077313	GS-6 PROS	2023	rear wheel drive; crumple zones; automatic valves; 	Karma	Excellent	Coupe	115950.0	Gas	Copper	2022-12-29	1647.91	D3479521146	user18	2023-08-29	D9669540937	user14
8FDAK0CPTWA122888	TRX500FE FOURTRAX FOREMAN 4X4 ES	2013	no backfire/backfiring; 	Honda	Fair	Minivan	39708.0	Gas	Tan	2022-11-22	1276.63	B9346967347	user22			
8JVUFKHA0TM075506	MX-5 MIATA	2011	superturbocharger; 	MAZDA	Excellent	Convertible	191186.0	Gas	Brown	2022-07-11	4113.86	C3612640531	user06	2022-09-26	A3710653626	owner
8LPZZLYHF77014597	S40	2009	no understeer; 	Volvo	Good	Minivan	198456.0	Gas	Bronze,Gray,Rose	2023-07-22	3754.85	A2135848728	user13	2023-08-08	C0673239779	user12
8SGNAEKKQ0B252643	SONATA	2009		Hyundai	Excellent	Truck	41010.0	Plugin Hybrid	Metallic	2023-03-10	1802.04	D0665878931	user19	2023-06-01	D1357716930	user23
8U653RXUMZY984495	VOLT	2012	sturdy side impact beams; Automotive Service Excellence (ASE); 	Chevrolet	Fair	Van	151216.0	Gas	Red	2023-07-24	3535.41	A2836727024	user11			
8UU0VC3VENC905922	RANGE ROVER SPORT	2010	manual transmission; 	Land Rover	Good	Coupe	5090.0	Diesel	Blue,Cream	2022-11-12	3809.86	A5517572915	user06	2023-03-07	D2600960022	user21
8VGJ74SC8UK076966	CX-9	2010	super new ignition system; 	MAZDA	Very Good	Coupe	87102.0	Gas	Silver	2022-11-15	3528.70	A4599693068	user18	2022-11-30	A6986218675	user25
8W38A5ZZFKA123439	P1	2014	automatic torque converter; 	McLaren	Very Good	Convertible	31607.0	Hybrid	Navy	2022-09-27	4980.10	A0615216027	user04			
8WLKEABOQM5965804	REGAL	2013	great engine; great rpms; minivan; 	Buick	Excellent	Minivan	19770.0	Battery	Turquoise	2023-07-02	1984.05	B1715775889	user10	2023-07-30	94-7914925	user25
A1GTY6T551Q455502	EVORA	2011	sturdy rear axle assembly; high volume cylinder; 	Lotus	Excellent	Sedan	61770.0	Gas	Claret,Rust,Pink	2023-08-14	2526.28	B9946174152	user06	2023-08-23	B1961357406	user25
A1S3JZU0RGM394036	R1T	2023	high quality carburetor; 	Rivian	Excellent	Sedan	67510.0	Gas	Copper	2022-10-24	1053.89	A7994838891	user19	2023-01-30	C4236470136	user20
A58PSDYJWYD029917	ROADSTER	2008	ultra new transmission; 	Tesla	Good	Minivan	45288.0	Battery	Navy	2023-02-17	1818.28	C2423333296	user05			
ANW7EMLQVI6782246	LIBERTY	2006	best possible traction; engine displacement; 	Jeep	Excellent	Minivan	148550.0	Gas	Navy	2023-05-21	1386.63	A2836727024	user09			
AOIDQU2ROYY946376	G6	2021	great rpms; gap; good piston; 	XPeng	Excellent	Minivan	4801.0	Gas	Pink,Red	2023-07-27	6549.15	D0473669739	owner	2023-08-03	C8969012326	user08
B1NDXK4VPM8021524	COOPER	2013	wide chassis; small spark plug gap; 	MINI	Very Good	Truck	55260.0	Gas	Yellow	2023-02-15	1384.05	A7586405617	user09	2023-05-23	D8920288787	user08
B5Q25XY368S364688	ET7	2021	hatchback; 	Nio	Very Good	Truck	111552.0	Gas	Gray	2023-08-19	2793.26	A7994838891	user13	2023-08-29	C4236470136	user03
B68KFH50SOO194215	FORTWO	2010	no redline; drum brake; 	smart	Excellent	Coupe	10158.0	Gas	Black	2023-01-18	4646.30	B6082349948	user06			
BCTZOAWQMHJ300759	SPIDER	2008	four-wheel drive; 	Alfa Romeo	Excellent	Van	27144.0	Hybrid	Maroon	2023-04-04	4655.40	B1456216849	user22	2023-06-17	59-9733673	user25
BH6Z8Q8YUSV665327	OUTLANDER	2003	air filtration system; 	Mitsubishi	Excellent	SUV	110124.0	Hybrid	Purple	2023-07-06	1947.58	C7780413175	user16			
BJIK4PRL350875445	TRX500FPA FOURTRAX FOREMAN RUBICON	2014		Honda	Very Good	Truck	44326.0	Gas	Maroon	2023-05-07	4579.57	C8271029908	user19			
BKO2YY3HI56119138	YUKON	2015	wide transaxle; 	GMC	Very Good	Truck	2454.0	Gas	Claret,Gold	2023-08-01	15213.67	D9669540937	user13	2023-08-27	C5211782393	user25
BQ1P8TA2OBE090669	C70	2005	sturdy rear axle assembly; 	Volvo	Good	SUV	216546.0	Gas	Tan	2022-10-16	2690.25	A1663169974	user13			
BROAYF3JXYB733688	CALIFORNIA	2013	hydraulic brakes; power train; active safety features; 	Ferrari	Excellent	Coupe	49090.0	Gas	Maroon	2022-10-29	1310.54	B4419028056	user04			
BV7ZLIZN0R2917777	SIERRA 3500 HD	2008	overdrive; drum brake; best oil pump; 	GMC	Fair	Van	95020.0	Gas	Tan	2023-05-08	3794.47	C0844073746	user10			
BW4Z2PQG761237438	JOURNEY	2012	wide transaxle; automatic transmission; 	Dodge	Very Good	Sedan	12749.0	Diesel	Copper	2022-07-18	4422.04	B3463874026	user06	2023-08-01	A2580734753	user23
BYNUGAHZM1L977542	TRX90X	2014		Honda	Excellent	Convertible	80420.0	Hybrid	Claret	2022-12-26	1240.27	D8920288787	user18	2023-06-06	B0867624567	user23
CNBSW7RMXAE536762	SPIDER	2008		Alfa Romeo	Very Good	Coupe	14916.0	Hybrid	Green	2023-01-06	4655.40	B9892813591	user18			
CXGQS7AZP6I329568	XC60	2011		Volvo	Excellent	Coupe	97260.0	Fuel Cell	Tan	2023-04-30	1938.46	33-2934805	user04			
D244CUCA1UX127908	MP4-12C	2013	minivan; 	McLaren	Excellent	Minivan	13893.0	Gas	Blue	2022-08-06	1262.57	A6689897244	owner	2023-05-08	96-6692589	user12
DABGHKVUB2D696619	FIESTA IKON	2014	front axle assembly; 	Ford	Very Good	Convertible	2900.0	Gas	Yellow	2023-08-01	5730.36	B4419028056	user16	2023-08-23	C8766275993	user14
DBF5M62ODXK242204	DAKOTA	2010	manual transmission; good piston; high quality carburetor; 	Dodge	Good	Coupe	48386.0	Gas	Orange	2022-09-04	3833.25	C3612640531	user13	2023-04-04	D5269489570	owner
E5W8EPPWZS0896119	ES8 NEW	2021	convertible; 	Nio	Excellent	Coupe	8580.0	Hybrid	Rust	2023-02-24	11858.52	D6327656680	user04	2023-08-13	72-7273493	user20
EDH6BDC74XY589172	TL	2003	automatic torque converter; 	Acura	Very Good	Sedan	36240.0	Gas	Orange	2022-08-23	5125.59	D8920288787	user13	2022-09-28	A0673790301	user14
EJET1HMTOKB682315	RAM 2500 TRUCK	2004	normally aspirated; wide cam; 	Dodge	Very Good	SUV	21925.0	Gas	Gray	2023-03-29	1293.22	C3289101401	user18			
ELA1OD0NP7S259553	R32	2008	drum brake; best possible traction; wide chassis; 	Volkswagen	Very Good	Convertible	16304.0	Gas	Aluminum	2022-09-04	5438.85	C3378134863	user18	2023-02-16	72-6876442	user08
EQ22HWH3DG1475247	CTS	2012	can be used as sports car; 	Cadillac	Fair	Minivan	14318.0	Gas	White	2022-10-15	3394.76	C8766275993	user05	2022-10-24	A1981245672	user01
EQPAH1SUF8O016349	GSe-6	2023	no backfire/backfiring; 	Karma	Excellent	Minivan	16545.0	Gas	Copper	2023-08-21	8191.71	A8645646644	owner			
ETRV7OGUK1A265022	MPV	2006	autotachometer; 	MAZDA	Excellent	Coupe	3538.0	Gas	Rose	2023-03-11	3650.47	A2319552942	user10	2023-06-10	62-4702974	user03
EUNRBUAUCXQ934676	FORESTER	2010	original equipment manufacturer (OEM) parts; 	Subaru	Very Good	Minivan	33884.0	Gas	Bronze	2023-07-09	1670.87	50-0389893	user06	2023-07-21	C1217659257	user20
EV4TH4BF5DQ470200	QUATTROPORTE	2006	minivan; 	Maserati	Very Good	Truck	11695.0	Hybrid	Bronze	2023-08-03	1794.24	A7800747478	user05	2023-08-04	C4774668646	user12
EWUO21O8D0P959813	MULSANNE	2012	fuel injection; wide transaxle; 	Bentley	Fair	Sedan	6250.0	Diesel	Aluminum,Orange,Tan	2023-06-19	2176.29	B1456216849	user22			
EX0DFWC3FLW639681	CTS	2009	hatchback; high torque; 	Cadillac	Fair	Coupe	19166.0	Gas	Navy	2022-07-26	3394.76	B6710742108	user04	2023-06-08	A5517572915	user25
EYTJ0RTAAHK130156	FORFOUR	2005	best oil pump; 	smart	Good	Coupe	39320.0	Hybrid	Rust	2022-12-17	5236.88	24-4045456	user13			
EZ144Z2QAJC644839	A8 QUATTRO	2003	small spark plug gap; 	Audi	Excellent	Convertible	69820.0	Diesel	Aluminum,Bronze,Green	2022-11-04	1762.01	B8786618373	user16	2023-06-21	B6364451946	owner
EZ308PJB831681306	PROWLER	2002	best suspension; 	Chrysler	Excellent	Minivan	16716.0	Gas	White	2023-02-06	2354.81	B6364451946	user18			
F032TW1LYVD881430	ES8 NEW	2023	crumple zones; 	Nio	Very Good	Truck	134835.0	Gas	Beige	2023-04-01	3611.00	D0473669739	user04	2023-06-12	46-6607006	owner
F253TPAMQK3083569	458 ITALIA	2013	station wagon (Also known as wagon.); 	Ferrari	Good	Minivan	72556.0	Diesel	Gold	2022-08-28	2712.19	A8298794557	user09	2023-08-23	A4688720947	user07
F37VOS4G0QV020629	QUATTROPORTE	2007	high block; 	Maserati	Excellent	SUV	52831.0	Gas	Aluminum,White	2022-10-24	1794.24	B4925230252	user09			
F42NYNK4BK3657449	MKX	2007	high block; 	Lincoln	Fair	Coupe	92236.0	Diesel	Gray	2023-01-02	2478.11	C0844073746	user09	2023-02-22	A4688720947	user20
FA7LJ664E04088299	F800GS	2012	supernew catalytic converter; 	BMW	Very Good	SUV	25446.0	Gas	Maroon	2022-11-24	1360.83	94-6713384	user10			
FAQ8F8F300A215860	GS350	2009	automatic torque converter; 	Lexus	Good	Coupe	2224.0	Gas	Aluminum	2022-10-05	4986.09	A0936623718	user10			
FLACGVUE5FI388538	XKR	2003	innovative air bags; 	Jaguar	Good	Sedan	101265.0	Gas	Silver	2023-06-13	2173.13	D1415748069	user13	2023-07-25	A4604249337	user03
FPJBMT3OOG8061158	350Z	2005		Nissan	Excellent	Sedan	70100.0	Gas	Gray	2022-10-22	1720.36	B1852208630	user04	2023-03-10	B8644575091	user08
FW817ZV3BVG215163	ACCENT	2009	small spark plug gap; 	Hyundai	Very Good	Coupe	11612.0	Diesel	Purple	2022-12-22	1917.14	B1852208630	user06	2023-05-03	B5738835693	owner
FXCJT6N4BUT928292	G6	2020	unibody construction; 	XPeng	Excellent	Minivan	29688.0	Gas	White	2023-07-17	1621.16	B1653942479	user09	2023-07-22	D5508697748	user01
FXR24KBAHFZ139993	V8 VANTAGE	2009	automatic torque converter; 	Aston Martin	Good	Minivan	39454.0	Battery	Brown	2022-08-14	2834.73	C0673239779	user11	2022-11-02	C4299342425	user14
GC27VB8JWCD457186	COOPER	2002	no understeer; strong muffler; 	MINI	Fair	Sedan	120780.0	Diesel	Yellow	2022-08-08	1384.05	B1456216849	user06	2022-08-22	D5508697748	owner
GEW8SXH3TWS985107	RANGE ROVER	2008	pickup; 	Land Rover	Excellent	SUV	61620.0	Plugin Hybrid	Pink,Yellow	2023-03-23	3448.24	C8766275993	user22	2023-08-27	A9416682035	user14
GHEDZEHRLGJ237205	F800GT	2013	can be used as sports car; 	BMW	Excellent	Coupe	86082.0	Plugin Hybrid	Rust	2023-01-14	3343.31	A5415348781	user22	2023-03-26	D2600960022	user08
GNJQGN3RWIT431179	ES9 FUTURE	2023	super new ignition system; 	Nio	Good	Van	64530.0	Diesel	Blue	2022-12-11	3077.30	59-9733673	user09			
GTTYZXB3YJG754847	4C	2014	great engine; 	Alfa Romeo	Very Good	SUV	7898.0	Gas	Silver	2022-11-07	4281.97	B6010570650	user10	2023-07-02	29-6662491	user23
GZ81MW85M47387080	XKR-S	2015	super new ignition system; 	Jaguar	Fair	Minivan	3720.0	Fuel Cell	Gray	2023-06-20	3200.57	C8583214663	user22			
HGHHV1IWCUX780355	RANGE ROVER SPORT	2015	good gear; 	Land Rover	Very Good	Minivan	2940.0	Gas	Silver	2022-12-24	5490.09	B2638494209	owner	2023-07-17	D6100357446	user20
HIEWYKOMDAK597903	FORTWO	2005	no redline; manual transmission; best possible traction; 	smart	Excellent	SUV	148598.0	Plugin Hybrid	Rose	2023-05-20	4646.30	C8307257184	user13	2023-07-26	D5950814801	user23
HJHFHI4TARG736468	JOURNEY	2015	air filtration system; 	Dodge	Fair	Coupe	58340.0	Plugin Hybrid	White	2022-10-08	4422.04	B5738835693	user04	2022-12-20	A9361688715	user07
HRBDCA8RAE0685886	VOYAGER	2007	power train; Automotive Service Excellence (ASE); 	Chrysler	Excellent	Truck	1568.0	Gas	Claret	2022-11-27	8603.94	C9346888737	user09	2023-07-04	A3383028473	user12
HTIAUKNL6TA101731	VT750C SHADOW AERO	2009		Honda	Very Good	SUV	55444.0	Diesel	Beige	2022-09-06	3870.70	A6986218675	user11	2023-01-15	B7131079555	user21
HUJ762ME6OB336499	SEBRING	2009	best oil pump; 	Chrysler	Fair	Convertible	80010.0	Gas	Rose	2023-04-24	1652.08	C0673239779	user13	2023-04-28	B7131079555	user03
HXP0L3Y7NRP032607	TERRAIN	2012		GMC	Very Good	SUV	4512.0	Fuel Cell	Turquoise	2022-11-02	3393.84	22-1607231	user13	2023-08-22	D8191703970	user07
I2Y84J2JYUI249817	NV200	2014	check the Monroney sticker - theer is nothing better than this vehicle; 	Nissan	Good	Coupe	36204.0	Gas	Black	2023-07-09	3209.95	C3289101401	user13			
I4ZQBJWMKGO132368	MKT	2014	Automotive Service Excellence (ASE); 	Lincoln	Very Good	Convertible	67371.0	Gas	Orange	2023-05-23	2516.57	A1981245672	user09	2023-08-08	A0461291890	user03
I5E5PHXL5CF199096	OPTIMA	2010		Kia	Excellent	Coupe	22229.0	Gas	Yellow	2022-09-22	2794.30	64-7492958	user11			
I7TC64WMFN3679469	V8 VANTAGE	2009		Aston Martin	Very Good	SUV	58960.0	Gas	Beige,Bronze	2023-07-26	2834.73	C4236470136	user05	2023-08-20	D3731035683	user08
IHYW5EQH7SL835482	ENDEAVOR	2005	engine displacement; oversteer; 	Mitsubishi	Good	Convertible	28431.0	Gas	Yellow,Rust	2023-02-03	3418.64	D0665878931	user10			
IK0HARFDHRY246462	SPIDER	2008	oversteer; 	Alfa Romeo	Good	Coupe	19756.0	Fuel Cell	Bronze,Tan,White	2023-02-12	4655.40	B5346544142	user09	2023-07-25	B7131079555	user25
IO8AOWYKMLD518556	POINTER TRUCK	2006	best possible traction; 	Volkswagen	Good	Coupe	2280.0	Diesel	Metallic	2023-04-30	2920.42	B9892813591	user22	2023-07-30	B6010570650	user07
IQ73NEIBJNB403342	XLR	2005	good piston; original equipment manufacturer (OEM) parts; front axle assembly; 	Cadillac	Fair	SUV	46908.0	Gas	Red	2023-07-02	1908.98	A9149940556	user05	2023-08-14	D7602785929	user25
IUTAUS27FGO848930	ARNAGE	2004		Bentley	Very Good	Coupe	44422.0	Gas	Orange	2023-02-09	3969.70	05-7673774	user22	2023-03-14	A9661106493	user03
IXZVB277TU2768773	FX35	2009		INFINITI	Very Good	Convertible	103600.0	Gas	Yellow	2022-09-01	2647.38	A5896813739	user19	2023-03-01	A1981245672	user12
IZPS1NTRXAH046134	CABRIO	2005	high block; 	smart	Very Good	Convertible	14060.0	Gas	White	2022-12-20	6572.23	A0461291890	user11	2023-04-02	D2498998888	user20
J05SWPOXE56492516	LESABRE	2003	normally aspirated; 	Buick	Very Good	SUV	37811.0	Gas	Copper	2023-08-29	4856.09	D3731035683	user22	2023-08-30	A3710653626	user23
J1MG8R7RAZX116769	BROOKLANDS	2008	Automotive Service Excellence (ASE); 	Bentley	Very Good	Sedan	185212.0	Gas	Gray	2023-03-14	3629.02	A1518047114	user05	2023-06-06	B1984877856	user23
J6OMNLGS2AO161351	CELICA	2003	good gear; high volume cylinder; 	Toyota	Good	Minivan	32270.0	Gas	Beige	2023-07-05	2243.43	D6100357446	user05	2023-07-06	D5269489570	user08
JA36JFM31V4526050	VOYAGER	2002	pickup; sturdy rear axle assembly; 	Chrysler	Excellent	Sedan	42815.0	Gas	Bronze	2023-07-21	4123.82	A3570377285	user06			
JA7U5AG0WEE170652	EXIGE	2010	automatic transmission; 	Lotus	Very Good	Truck	224140.0	Gas	Blue	2023-06-22	1344.15	B9346967347	owner			
JA7YVHAFRLT437706	ECOSPORT	2004		Ford	Excellent	Minivan	191840.0	Plugin Hybrid	Gold	2022-08-16	2679.99	49-0400043	user18	2023-03-08	A4604249337	user14
JBPIGW2CI42143239	JETTA	2010	modern dashboard; 	Volkswagen	Excellent	Minivan	37976.0	Natural Gas	Maroon	2023-07-05	3729.30	B8859030244	user04			
JE1O6OHJZW1220783	SIENNA	2008	superturbocharger; best suspension; 	Toyota	Excellent	Van	21236.0	Battery	Purple	2023-05-10	3614.03	B1852208630	user04	2023-07-13	D6650795352	user01
JL4O86VLF1F081674	TRIBUTE	2009		MAZDA	Fair	Convertible	3780.0	Gas	White	2023-06-05	9286.21	B6010570650	user18	2023-06-10	C3839849069	user07
JS0Y5W8KIDC106093	GLA200	2015		Mercedes-Benz	Fair	Minivan	111588.0	Gas	Rust	2022-11-03	1181.30	C0673239779	user05	2023-06-13	A7994838891	owner
JS7IRJMSXPC511509	LS	2003	drum brake; 	Lincoln	Excellent	Truck	28236.0	Gas	Beige	2023-03-19	3007.81	D0665878931	user18	2023-03-29	B9892813591	user14
JZKBFXYGWL5900436	ACCENT	2002	manual transmission; drive shaft; automatic transmission; 	Hyundai	Very Good	Coupe	3156.0	Diesel	Yellow	2023-05-01	1917.14	A2836727024	user22	2023-08-07	84-6387554	user01
K3MTK4TIJNU760358	R1T TOMORROW	2023	crumple zones; active safety features; 	Rivian	Fair	Minivan	13916.0	Gas	Rust	2023-03-28	5423.56	C3378134863	user05	2023-08-18	C1967459004	user07
K4IZJXWXWJR973290	BOXSTER	2013	disc brake; 	Porsche	Very Good	Convertible	11582.0	Fuel Cell	Brown	2023-03-31	7257.96	A7586405617	user22			
KBYS182F2ID559258	F430	2007	high volume cylinder; 	Ferrari	Excellent	Coupe	97020.0	Diesel	Turquoise	2022-10-08	2267.71	B3463874026	user09	2023-06-03	A2836727024	user23
KCXGZEVS1QW404654	AVIATOR	2004	power train; 	Lincoln	Fair	Coupe	43930.0	Diesel	Yellow	2022-08-20	1888.63	C0222944298	user10	2023-07-06	B6334165149	user21
KE1QKPKS6Q8459351	X	2014	high block; 	Tesla	Good	Convertible	6466.0	Gas	Rose,Silver	2022-07-12	2513.32	B0867624567	user16	2023-07-04	49-0400043	user03
KEZRVGOFFMA250868	FORTWO	2005	good gear; 	smart	Very Good	Truck	141752.0	Plugin Hybrid	Rose,Silver	2022-12-08	4646.30	A9361688715	user05			
KW1EHM2N1UB940362	RLX	2015	great stabilizer bar; 	Acura	Excellent	Sedan	93317.0	Plugin Hybrid	Tan	2023-02-14	1778.47	A5090337834	user10			
KZQ5C1NSWAJ790169	WRX	2014	wide transaxle; best suspension; four-wheel drive; 	Subaru	Fair	SUV	47208.0	Battery	Beige	2023-07-08	3639.95	B9946174152	user04	2023-08-17	D6100357446	owner
L3ETEZZL0ER968032	750I XDRIVE	2012	best sedan; 	BMW	Excellent	Van	17159.0	Gas	Brown	2023-08-10	2315.28	B1852208630	user15			
L535DHDAU62985677	CL	2003	great rpms; 	Acura	Excellent	Coupe	239400.0	Gas	Brown	2023-02-13	4290.93	B0867624567	user19	2023-05-30	D8191703970	user08
L6EFDBPTY1B405814	FM-MR	2004	station wagon (Also known as wagon.); 	Mitsubishi	Very Good	Coupe	4466.0	Battery	Brown	2022-12-11	1946.82	C5211782393	user18	2023-02-23	D0665878931	user08
L712UQJXM4L524142	RENDEZVOUS	2006	Automotive Service Excellence (ASE); 	Buick	Excellent	Convertible	49100.0	Gas	Pink	2022-08-15	3195.56	D0473669739	user18	2023-06-17	D3479521146	user01
LLPNU12CY5C440662	GRANDE PUNTO	2007	great engine; 	FIAT	Good	Coupe	16783.0	Diesel	Copper	2023-03-03	1480.54	B0867624567	user10			
LQHDVXVOOUT107133	QUATTROPORTE	2010	Automotive Service Excellence (ASE); 	Maserati	Excellent	Convertible	17536.0	Battery	Metallic	2022-12-10	1794.24	D8832785149	user04			
LRB2H3BHPKX650155	LAND CRUISER	2011	coupe; 	Toyota	Fair	Coupe	120700.0	Diesel	Tan	2022-09-08	2166.24	C8583214663	user11	2023-05-01	D9676746157	user07
LWA5MXOU4MD327938	ELISE	2007	electronic transmission; 	Lotus	Fair	Minivan	71409.0	Gas	Pink	2023-07-20	4559.65	18-3775909	owner	2023-07-30	C3225068735	user07
LYPZILOBZ87153615	458 ITALIA	2011	sturdy rear axle assembly; 	Ferrari	Good	Coupe	36660.0	Gas	Purple	2023-01-01	2712.19	A1663169974	user06	2023-04-28	D6650795352	owner
M0S6NVFHN2E042385	ET5	2023		Nio	Excellent	SUV	20160.0	Diesel	Cream,Green,Metallic	2023-05-21	8341.09	B6301637672	user19	2023-06-08	B1456216849	user03
M3VW8YIQKWT779745	BOXSTER	2011	very hard struts; 	Porsche	Fair	Van	82098.0	Gas	Maroon	2022-07-15	7257.96	A4599693068	user11	2023-01-19	B1731449781	owner
M4E2PBWXZFJ700371	PRIUS	2013		Toyota	Excellent	Sedan	9816.0	Battery	Rose	2022-09-13	5050.91	A0673790301	user09			
MAO8BQ1NDT7049472	ELISE	2007	broad wheelbase; 	Lotus	Fair	Convertible	52935.0	Battery	Maroon	2022-08-10	4559.65	B1715775889	user16	2022-10-15	B2440929697	user12
MATGJILCBL4124189	ESPRIT	2003	good gear; front wheel drive; high differential; 	Lotus	Fair	Sedan	121895.0	Gas	Bronze	2023-05-09	1216.12	A9361688715	user10	2023-08-23	C3378134863	user20
ME064DUO8S0025936	XJ8	2003	all passive safety features; 	Jaguar	Good	Convertible	106449.0	Natural Gas	Yellow	2023-01-27	1313.07	49-9516264	user16			
MJT0LBERDE8792947	V8 VANTAGE	2008	fuel injection; electronic transmission; 	Aston Martin	Very Good	Convertible	95532.0	Gas	White	2023-08-22	2834.73	B3463874026	user19	2023-08-26	D6889152867	user25
MJZ2P85E65M015209	SPECTRA	2007		Kia	Very Good	Coupe	4645.0	Gas	Copper	2022-10-31	4436.52	C2317543508	owner	2022-12-21	C9346888737	user01
MM2NLRDRNXX156196	EV	2021		XPeng	Very Good	Coupe	3366.0	Battery	Claret	2023-01-31	20036.73	97-5522995	user18	2023-02-24	B5738835693	user21
MPXFMDRYC6D036656	C7500 TOPKICK	2004	strong muffler; 	GMC	Excellent	Truck	38248.0	Gas	Orange	2023-06-04	1339.48	C6220644674	user19	2023-06-10	A5530386031	user08
MRHT53HXAKW856444	CSX	2007	no backfire/backfiring; 	Acura	Fair	Truck	96907.0	Gas	Metallic	2023-07-22	3285.70	C4236470136	user22	2023-08-04	B3290593615	user03
MRHV8EI5ETH324409	RENDEZVOUS	2004	innovative air bags; 	Buick	Fair	Coupe	41332.0	Plugin Hybrid	Silver	2022-11-21	3195.56	C4774668646	owner	2023-01-25	B1961357406	user07
MTBE6DK55IO892347	A5	2012	safe oil ring; modern dashboard; 	Audi	Good	Minivan	97128.0	Gas	Gray	2023-08-06	3054.94	C3225068735	owner			
N2VSLYX8OXL077775	XC90	2009	great stabilizer bar; supernew catalytic converter; fuel injection; 	Volvo	Excellent	SUV	160263.0	Gas	Beige	2023-06-09	3593.77	49-0400043	user10	2023-07-17	B1731449781	user23
N5QQ2WLB5PL198189	VTX1300S	2007	oversteer; 	Honda	Fair	Van	4818.0	Gas	Gold	2023-03-15	2586.28	46-7746081	user15	2023-06-19	49-0400043	user20
N64LL1WC63N759701	CENTURY	2002		Buick	Excellent	Convertible	51956.0	Gas	Bronze	2023-08-15	1461.71	46-7746081	user22	2023-08-28	A4688720947	user12
NF2DBQEFZ0N234783	TOWN & COUNTRY	2012	original equipment manufacturer (OEM) parts; 	Chrysler	Fair	Minivan	27741.0	Hybrid	Yellow	2022-07-19	1858.77	43-3403883	user22	2022-12-26	A9416682035	user25
NJFDCKXL34E222565	SILVERADO 2500	2004		Chevrolet	Fair	Minivan	2480.0	Gas	Brown	2022-07-16	6147.57	A0615216027	user19	2022-08-26	A1518047114	user03
NKY5WJPCYVC675161	FORTWO	2006		smart	Excellent	Sedan	5170.0	Gas	Metallic	2023-03-29	4952.95	A7586405617	user06			
NLYCMW5DAS5194596	COMMANDER	2007	high torque; 	Jeep	Excellent	Minivan	48980.0	Plugin Hybrid	Navy	2022-10-08	1769.90	D4519725290	user09			
NM3BN4RJS1M492634	QUATTROPORTE	2011	sport utility vehicle-SUV; rack and pinion steering; can be used as sports car; 	Maserati	Fair	Van	5694.0	Hybrid	Turquoise	2022-11-07	3160.01	46-7746081	user11			
NNKIP3UNIGZ353715	COMPASS	2008	no backfire/backfiring; 	Jeep	Good	SUV	11240.0	Gas	Aluminum,Maroon	2023-05-26	4585.96	D2498998888	user04	2023-07-07	C8766275993	user21
NRQQC5OQ0F4586467	COOPER	2002	sport utility vehicle-SUV; 	MINI	Very Good	SUV	119856.0	Diesel	Rose	2023-05-30	1384.05	B0838220816	user05			
NV7YPGMDYFH278949	MURCIELAGO	2009	drive shaft; 	Lamborghini	Very Good	Minivan	72676.0	Plugin Hybrid	White	2022-09-18	1476.79	94-7914925	user10	2023-01-17	D0665878931	owner
NVHYWIDW4WI400980	SEQUOIA	2002	minivan; 	Toyota	Fair	Minivan	9198.0	Plugin Hybrid	Green	2023-08-21	3435.82	C7183960183	user16			
O0LX0JY57BT960015	MKC	2015	check the Monroney sticker - theer is nothing better than this vehicle; 	Lincoln	Excellent	Coupe	65130.0	Gas	Pink	2023-06-13	2066.80	D9223276847	user05	2023-06-29	D6889152867	user14
O1C66KL1VK4840531	MKZ	2008	hatchback; 	Lincoln	Fair	Sedan	47132.0	Battery	White	2023-02-21	5235.38	C4987856002	user16	2023-02-28	D0760894831	user14
OA1F76XJUQS608395	C30	2007	high block; 	Volvo	Excellent	Coupe	64038.0	Natural Gas	Beige	2023-05-27	1923.78	A9525842110	user09	2023-06-09	B9946174152	user03
OETQ6SV7QKM285952	FORTWO	2012	front wheel drive; 	smart	Excellent	Coupe	130956.0	Battery	Beige	2023-05-15	4646.30	C9346888737	user16	2023-07-12	B2440929697	user23
OMDPS8X50N7546352	XKR-S	2015	great engine; 	Jaguar	Fair	Minivan	112765.0	Plugin Hybrid	Navy	2023-04-10	1252.18	A0262371356	user22	2023-06-26	B3290593615	user07
OMJKHKQNFKJ761643	BOXSTER	2008	overdrive; 	Porsche	Very Good	Truck	135960.0	Gas	Rose	2022-12-06	7257.96	D7912550520	user15	2023-03-31	05-7673774	user08
OQPBCN4Y1YB733979	P1	2014	pickup; 	McLaren	Excellent	Van	48764.0	Gas	Green	2023-03-24	4980.10	18-3775909	user15	2023-07-08	C4774668646	user14
OY3DWMTTXNP309610	SIERRA 1500 HD	2002	hydraulic brakes; high differential; very hard struts; 	GMC	Very Good	Truck	162834.0	Gas	Aluminum,Rust	2023-08-28	1716.10	A0615216027	user18			
P54475O4N8K403608	TITAN	2012		Nissan	Excellent	Coupe	92472.0	Gas	Tan	2023-06-04	5241.86	A3710653626	user19	2023-07-26	A9416682035	user01
P7NLPCKCGFU554815	C63 AMG	2009	modern dashboard; great engine; 	Mercedes-Benz	Very Good	SUV	26448.0	Hybrid	Green	2023-03-18	3271.32	D8191703970	user13	2023-07-17	A4366803067	user07
PBJA5AUSTU5098920	BAJA	2003	Automotive Service Excellence (ASE); 	Subaru	Fair	Truck	40565.0	Gas	Bronze	2023-05-02	2201.22	46-6607006	user13	2023-06-21	96-6692589	user03
PEB0OLCPG6W994144	MIRAGE	2014	overdrive; high block; 	Mitsubishi	Fair	SUV	103968.0	Diesel	Cream	2023-06-24	1820.73	C3225068735	user11	2023-08-26	A6689897244	owner
PFRYPJOGJ51531310	MURCIELAGO	2002		Lamborghini	Good	Coupe	11223.0	Natural Gas	Silver	2022-12-08	1476.79	96-6692589	user11	2023-08-11	D0760894831	user20
PI5K0FV5WKD862880	ENTOURAGE	2009	autotachometer; 	Hyundai	Fair	Coupe	161138.0	Battery	Claret	2022-10-14	4791.74	A9302873941	user15	2023-07-25	B3290593615	user03
PKFGEZTKARS310898	GTI	2015	ultra new transmission; wide transaxle; 	Volkswagen	Fair	Truck	2051.0	Plugin Hybrid	Green,Turquoise	2022-12-12	7129.88	D2600960022	user22	2023-06-12	B3290593615	user12
PLMR41N2YPR821121	VERANO	2015	automatic torque converter; 	Buick	Fair	Truck	32308.0	Fuel Cell	Aluminum	2023-08-30	2097.26	A0310274381	user05	2023-08-30	A0262371356	user21
PLPMWBZXIDB972615	GRAND CHEROKEE	2009	very hard struts; 	Jeep	Fair	Coupe	53045.0	Gas	Maroon	2023-07-24	1465.60	B9892813591	user15	2023-08-20	B2598969914	user08
POBJLZ8FZN0427016	GALLARDO	2009	active safety features; 	Lamborghini	Good	Convertible	2354.0	Gas	Beige	2023-07-25	8627.19	81-7754883	owner	2023-08-15	D2498998888	user07
PYWDSWXK5X5262660	GALLARDO	2014	hydraulic brakes; 	Lamborghini	Very Good	SUV	27663.0	Hybrid	Red	2022-11-12	3551.46	C7548135047	user22	2022-12-03	D5950814801	user20
Q3TT4GKZDHK659352	ARMADA	2008	sport utility vehicle-SUV; 	Nissan	Excellent	Van	89232.0	Gas	Green,Aluminum	2023-07-28	5394.41	B1456216849	user09	2023-07-29	85-5840713	user14
Q6C80HSWMFK634460	LIBERTY	2009	oversteer; 	Jeep	Excellent	SUV	228880.0	Gas	Green	2022-08-12	1386.63	D4831519171	owner	2023-05-30	B3463874026	user08
QF6QBNKTPSA019446	YUKON XL 2500	2010	ultra new transmission; 	GMC	Fair	SUV	44280.0	Battery	Gray	2022-07-27	3049.06	B0794790966	user04			
QPMO737UII0340028	EMGRAND S	2019	normally aspirated; electronic transmission; pickup; 	Geeley	Fair	Minivan	110011.0	Gas	Bronze,Tan	2023-03-18	1185.52	B4419028056	user11			
QV77RP24AZ3546581	ESPRIT	2002	no redline; 	Lotus	Good	Coupe	40120.0	Gas	Rose	2022-08-09	1216.12	C6220644674	user22	2022-08-21	B6082349948	user21
QVSOV4QTXAE520972	MIATA	2004	high block; best suspension; 	MAZDA	Good	Sedan	24560.0	Hybrid	Brown	2023-01-28	1496.02	07-2036529	user18			
QWYUAF6GIGE744209	X-TYPE	2008	drum brake; 	Jaguar	Excellent	Sedan	163760.0	Gas	Copper	2022-12-03	3617.81	A8645646644	user11	2023-05-02	B7131079555	user12
R3Q6NWXL5OK028859	F650CS	2003	normally aspirated; 	BMW	Fair	Coupe	46985.0	Gas	Pink	2022-08-29	1853.27	C9346888737	owner	2022-09-18	C2317543508	user08
RAZB0H0MQX5869731	ELISE	2007	no understeer; 	Lotus	Excellent	Coupe	34484.0	Gas	Gold	2022-08-28	4559.65	B3170194836	user15			
RH3XN0D50EO772614	DUCATO	2011	best sedan; 	FIAT	Good	Convertible	59912.0	Diesel	Metallic	2022-12-02	1762.11	43-3403883	user13	2023-01-23	48-6768847	user12
RP3I3QO2BYF582498	FX35	2003	front axle assembly; 	INFINITI	Very Good	Van	90372.0	Gas	Turquoise	2023-04-29	2647.38	C5341904042	user16			
RRRZH6PBRYY000587	XJR	2006		Jaguar	Good	Minivan	31663.0	Gas	Aluminum	2023-03-06	2405.57	C4774668646	user19			
RTV8NXYO2D4310350	ROADSTER	2008	strong muffler; can be used as sports car; overdrive; 	Tesla	Very Good	Van	133827.0	Gas	Turquoise	2022-10-31	1818.28	B7131079555	user05			
RXLO3PC8EG8307071	COUPE	2003		Maserati	Good	Coupe	189546.0	Gas	Navy	2022-12-24	1403.88	29-6662491	user13	2023-05-12	C2838238369	user01
SAN8CKZV8O6386790	FE145CC	2010	safe oil ring; 	Mitsubishi	Excellent	Truck	72600.0	Gas	Aluminum	2023-08-28	1023.03	06-8876566	owner	2023-08-29	C1967459004	user12
SC0ZRWACOEM768702	RL	2006	active safety features; 	Acura	Good	Convertible	71290.0	Gas	Black	2022-09-15	1874.32	B3463874026	user19	2023-05-06	D0665878931	user12
SL5LRZAJFUI810871	FE145CC	2011	anti-lock brake system (ABS); crankcase; 	Mitsubishi	Good	Coupe	20246.0	Gas	Claret	2023-01-04	1023.03	92-9016618	user22			
SLY1Q4WQXLP675951	ES9 FUTURE	2023		Nio	Excellent	Van	124596.0	Gas	Yellow	2022-10-11	3077.30	C8307257184	user05	2023-02-23	C0266219877	user07
SMZSGMQWSKI621717	DBS	2012	no understeer; 	Aston Martin	Excellent	Van	164564.0	Gas	Gold	2023-06-12	1540.51	B7131079555	user22	2023-07-20	B3290593615	user25
SO6WD25XQVR636495	CARRERA GT	2006		Porsche	Fair	Van	142615.0	Hybrid	Brown,Navy,Turquoise	2022-08-27	5313.46	B1653942479	user22			
SPE2WMY887O932788	ELISE	2005	gap; 	Lotus	Excellent	Coupe	123636.0	Plugin Hybrid	Tan	2023-07-19	4559.65	50-9862780	user16			
SSSGFBFNIOE995675	WILDCAT	2015	front axle assembly; 	Buick	Excellent	Van	36225.0	Gas	Claret	2023-05-12	2106.56	D5269489570	user10	2023-08-25	35-9898298	user12
T1TFNQC1QZ0222284	BRERA	2008		Alfa Romeo	Excellent	Truck	208050.0	Gas	Navy	2022-12-25	4792.30	B1715775889	user09	2023-02-07	C5211782393	owner
TJY1H16Y6DA687801	TORNADO	2013	normally aspirated; 	Chevrolet	Very Good	Van	99103.0	Gas	Rose	2023-04-29	1060.98	D5508697748	user18			
TOIFP5YHHJC099537	SPYDER	2003	supernew catalytic converter; 	Maserati	Fair	Van	2118.0	Gas	Gray	2023-02-20	2764.86	B1715775889	owner			
TRB4XOLO3Y2181257	ARNAGE	2009	wide cam; can be used as sports car; 	Bentley	Excellent	Sedan	31579.0	Gas	Brown	2022-08-02	3969.70	C1967459004	user18	2023-05-04	B9892813591	user23
TVFRONGULQ7855167	G37	2011	sturdy side impact beams; 	INFINITI	Fair	Convertible	22628.0	Hybrid	Rust	2023-07-22	1014.91	D9223276847	user05	2023-08-03	A5517572915	user07
U1GXDUQ2NVP642154	ET7	2019	drive shaft; 	Nio	Excellent	Truck	50967.0	Gas	Aluminum	2023-02-22	2793.26	C5399342731	user22			
U2SEQATJQIP647043	RX400H	2008	broad wheelbase; 	Lexus	Good	Sedan	17232.0	Gas	Pink	2022-10-21	1544.78	D9676746157	user10	2023-06-11	24-4045456	user20
U3SEY7BL74U428566	MDX	2003	sturdy rear axle assembly; automatic torque converter; 	Acura	Fair	Van	6405.0	Battery	Black,Red	2023-07-24	3362.58	A2135848728	user05	2023-08-24	51-0247747	user03
U4DAG21M25I154677	X-TYPE	2008	best oil pump; 	Jaguar	Very Good	Coupe	31719.0	Diesel	Aluminum,Claret,Silver	2023-02-08	3617.81	22-1607231	user05	2023-08-12	A3570377285	user23
U6AKQW00N22614671	FORTWO	2006	pickup; disc brake; 	smart	Good	Coupe	110094.0	Gas	Red,Turquoise	2022-12-03	4646.30	C5399342731	user18	2022-12-04	A1440687124	user08
U8CPVV20LCB872591	VERSA	2013		Nissan	Very Good	Truck	16636.0	Gas	Gold	2022-11-10	1627.40	A0262371356	user15			
UAITKQ7KMQN776987	X-TYPE	2002	pickup; 	Jaguar	Excellent	Sedan	17172.0	Diesel	Purple	2023-02-12	3617.81	C4299342425	user05			
UDK1102XNQ4362369	SLK55 AMG	2013	autotachometer; 	Mercedes-Benz	Excellent	Coupe	64783.0	Fuel Cell	Red	2023-04-12	4309.63	50-0389893	user18			
UDOHJKQNZRU355125	S7	2013	no understeer; 	Audi	Very Good	Sedan	216200.0	Plugin Hybrid	Black	2022-09-01	5757.99	A0184779785	user09	2023-02-09	82-8184602	user14
UKRLDVVBSZZ487336	COMPASS	2008		Jeep	Excellent	Van	39064.0	Gas	Silver	2022-10-22	4585.96	A5415348781	user16			
UU2VI1MPOCJ886472	GIULIETTA	2012	super new ignition system; 	Alfa Romeo	Very Good	Truck	8355.0	Hybrid	Green	2023-04-10	3228.13	A0673790301	user11	2023-08-09	A1663169974	user03
UVK0K4YAN4D361432	LACROSSE	2010	wide chassis; 	Buick	Very Good	Convertible	25356.0	Plugin Hybrid	Rust	2023-08-21	5043.96	46-7746081	user15			
UYQXFHB268D227085	FK260	2008	best oil pump; 	Mitsubishi	Excellent	Truck	138390.0	Gas	Red	2022-12-01	2891.79	94-7914925	user05	2023-03-23	D5508697748	user21
V08JG7APNII434369	RX330	2004	crumple zones; 	Lexus	Very Good	Coupe	116832.0	Gas	Claret	2022-07-08	1275.43	A9416682035	user10	2023-04-14	C8583214663	user23
V73RJYYHEIT850422	MONTERO	2011	Automotive Service Excellence (ASE); front wheel drive; coupe; 	Mitsubishi	Very Good	Coupe	92452.0	Gas	Beige	2023-03-13	5260.42	72-7273493	user13			
VJUYVX0SHHT606044	LR2	2011	active safety features; 	Land Rover	Fair	Truck	50725.0	Plugin Hybrid	Gray	2022-09-21	1140.51	C5998099065	user18	2023-08-11	D8920288787	user14
VLYZ0TBEDGM584853	FE125	2011	active safety features; great rpms; 	Mitsubishi	Excellent	Coupe	11988.0	Gas	Rose	2022-08-30	3070.05	20-2164350	user22	2023-06-14	C3914994260	owner
VOCIAMIZKKN350227	599 GTB	2009	high block; 	Ferrari	Excellent	SUV	65982.0	Battery	Silver	2023-06-05	1210.77	C0266219877	user13			
VPER1TKLOPC634179	ALLURE	2007	station wagon (Also known as wagon.); high block; 	Buick	Excellent	Minivan	199040.0	Gas	Gray	2022-10-07	1289.66	35-9898298	user19	2022-12-13	A1440687124	user03
VTJI8XXO2CO552773	TRX250TM FOURTRAX RECON	2007		Honda	Good	SUV	6708.0	Gas	Maroon,Metallic	2023-04-20	1766.52	D5508697748	user19			
VTVE6444244403193	MURCIELAGO	2004	very hard struts; 	Lamborghini	Excellent	Minivan	17022.0	Gas	White	2022-07-26	1476.79	D1357716930	user13	2023-07-08	48-6768847	user14
VWWOX3PM6QD757820	MP4-12C	2014	crumple zones; 	McLaren	Fair	SUV	40212.0	Gas	Gray	2022-10-31	1262.57	C8271029908	user09	2023-05-23	46-7746081	user08
W17V1HTH5IW129737	LS600H	2012	rear wheel drive; disc brake; convertible; 	Lexus	Very Good	Sedan	5994.0	Gas	Rust	2022-07-22	3265.98	C7780413175	user11			
W1R2THVZD6L234135	MP4-12C	2012	automatic torque converter; 	McLaren	Fair	Minivan	214540.0	Gas	Aluminum	2023-01-25	1262.57	A0184779785	user04			
W85FIU0UPWJ342063	V8 VANTAGE	2009	wide cam; 	Aston Martin	Good	Coupe	57304.0	Gas	Pink	2023-03-13	2834.73	A5090337834	user06	2023-05-26	B6334165149	owner
WGVK4P1UIPJ916959	FORESTER	2009	good piston; sturdy rear axle assembly; high differential; 	Subaru	Excellent	SUV	119696.0	Gas	Copper	2023-06-02	1670.87	B1961357406	user18			
WKNIUEPLNDU378894	RANGE ROVER EVOQUE	2014	high volume cylinder; high differential; 	Land Rover	Excellent	Convertible	24504.0	Gas	Cream,Purple,Tan	2022-10-21	4697.08	B6923660033	user13	2023-08-12	A0461291890	user08
WQGPTZ2HOU7481211	ES8 NEW	2023	front axle assembly; 	Nio	Very Good	Van	13960.0	Battery	Yellow	2022-11-10	15195.08	A0936623718	user22	2023-05-30	D4831519171	user21
WWMN8RWHPDM674733	AZURE	2010	pickup; 	Bentley	Good	Minivan	165618.0	Gas	White	2022-07-12	3220.80	A2135848728	user15			
XJMTKD21FUV756318	COOPER	2002	superturbocharger; 	MINI	Good	Coupe	142515.0	Gas	Blue	2022-10-05	1384.05	B7131079555	user11			
XNUNZXGY3NC711419	RL	2008	high quality carburetor; 	Acura	Excellent	Convertible	125226.0	Gas	Aluminum,Orange	2023-08-08	1874.32	A1518047114	user04	2023-08-14	D9223276847	user14
XPBUWRX56F6412345	CAYMAN	2015	superturbocharger; pickup; 	Porsche	Good	Convertible	33560.0	Gas	Rose	2023-05-11	2723.58	A9661106493	user06			
XUYF42BKSWK479574	E500	2003	high differential; 	Mercedes-Benz	Excellent	Convertible	36360.0	Gas	Black,Maroon	2022-10-19	2576.09	D0233458616	user18	2023-07-14	A4599693068	user21
Y0E0QLEFDDC702405	G9	2023	rack and pinion steering; 	XPeng	Excellent	SUV	11624.0	Fuel Cell	Rose	2023-07-18	5190.70	B1456216849	user06	2023-07-20	B6847040699	user14
YA0EN8KRBAN266216	CALIFORNIA	2010	sturdy rear axle assembly; 	Ferrari	Good	Coupe	43370.0	Battery	Pink	2022-11-05	1310.54	D0665878931	user16			
YFV4PPW4SW8405660	ELISE	2011	best possible traction; 	Lotus	Very Good	Coupe	7209.0	Diesel	Gray	2022-12-09	6648.87	B6334165149	user09	2023-05-24	B9892813591	user14
YIRV4C5U8MN581204	TUCSON	2005	safe oil ring; sturdy rear axle assembly; great engine; 	Hyundai	Fair	Minivan	21762.0	Gas	Black	2023-04-21	3189.45	31-3545908	user09	2023-06-30	A4532111602	user21
Z0405USEZKH796737	XC70	2015	convertible; 	Volvo	Good	Sedan	2652.0	Battery	Navy,Purple,Turquoise	2023-03-22	2906.51	B1984877856	user04	2023-05-25	06-8876566	user12
Z1QCG3DRQAX515930	E500	2015	coupe; 	Mercedes-Benz	Excellent	Sedan	12132.0	Gas	Yellow	2023-08-06	2576.09	C4774668646	user13	2023-08-20	A0310274381	user25
Z8KJQAZ0L2C379316	ZDX	2012		Acura	Very Good	Minivan	8563.0	Plugin Hybrid	Claret	2022-07-02	6854.51	C4236470136	user10	2023-06-16	C2776254573	user03
ZBZRLDKTF22899385	B4000	2005	great engine; oversteer; 	MAZDA	Very Good	Van	128760.0	Gas	Pink,Tan	2022-10-05	4086.58	C5399342731	user10	2023-06-08	C4236470136	user03
ZDNMEDH0CHN556637	ELANTRA GT	2015	coupe; good piston; safe oil ring; 	Hyundai	Very Good	Sedan	142636.0	Gas	Rose	2023-04-06	3512.58	97-5522995	user09			
ZI36738ITE3999852	RANGE ROVER	2004		Land Rover	Fair	Minivan	68581.0	Gas	Brown	2022-12-27	3448.24	A7722007632	user05	2023-04-25	B9346967347	user07
ZIOB2UP8DA8102221	VANDEN PLAS	2008	great engine; 	Jaguar	Very Good	Convertible	74286.0	Gas	Purple,White	2023-04-12	2543.11	B0838220816	user18	2023-05-21	05-7673774	user21
ZMVRJH6HGUZ703892	PROMASTER 1500	2014	automatic torque converter; disc brake; 	Ram	Excellent	Convertible	29055.0	Gas	Rose	2023-05-19	3007.22	C8271029908	user19	2023-05-24	C8271029908	user14
ZO6LSHSSJHC695220	A1	2012	Automotive Service Excellence (ASE); 	Audi	Fair	Convertible	44060.0	Hybrid	Orange	2023-07-21	1265.21	B3290593615	user05			
ZPSM0A6MZXM357384	COROLLA	2012	best possible traction; 	Toyota	Good	Coupe	12686.0	Hybrid	Blue	2023-04-13	1874.61	A1663169974	user18	2023-06-28	A7410218307	user25
ZR3ABC4M7DZ405619	RAINIER	2006		Buick	Excellent	SUV	123315.0	Gas	Aluminum	2022-08-24	2130.94	C3914994260	owner	2022-10-05	29-6662491	user14
ZUG6F1Z7LAY309325	CAMRY	2013	rack and pinion steering; 	Toyota	Very Good	SUV	85132.0	Gas	Black,Cream,White	2023-03-23	1011.49	A9149940556	user18			
